Id,Op,BufId,Size,Type,Pipe,Cycles,Bufs
0,ALLOC,0,256,L0C,,,
1,ALLOC,1,256,L1,,,
2,ALLOC,2,256,L1,,,
3,COPY_IN,,,,MTE2,581,"1"
4,COPY_IN,,,,MTE2,581,"2"
5,ALLOC,3,128,L0A,,,
6,ALLOC,4,128,L0B,,,
7,MOVE,,,,MTE1,31,"3,1"
8,MOVE,,,,MTE1,54,"4,2"
9,MATMUL,,,,CUBE,128,"0,4,3"
10,ALLOC,5,256,L1,,,
11,ALLOC,6,256,L1,,,
12,COPY_IN,,,,MTE2,581,"5"
13,COPY_IN,,,,MTE2,581,"6"
14,ALLOC,7,128,L0A,,,
15,ALLOC,8,128,L0B,,,
16,MOVE,,,,MTE1,31,"7,5"
17,MOVE,,,,MTE1,54,"8,6"
18,MATMUL,,,,CUBE,128,"0,8,7"
19,ALLOC,9,128,UB,,,
20,ALLOC,10,128,UB,,,
21,COPY,,,,FIXP,41,"9,0"
22,ROWMAX,,,,VECTOR,310,"10,9"
23,ALLOC,11,2,UB,,,
24,ALLOC,12,16,UB,,,
25,COMPACT,,,,VECTOR,113,"11,10,12"
26,ALLOC,13,128,UB,,,
27,SUB,,,,VECTOR,151,"13,9,10"
28,ALLOC,14,128,UB,,,
29,EXP,,,,VECTOR,218,"14,13"
30,ALLOC,15,128,UB,,,
31,ROWSUM,,,,VECTOR,342,"15,14"
32,ALLOC,16,2,UB,,,
33,ALLOC,17,16,UB,,,
34,COMPACT,,,,VECTOR,113,"16,15,17"
35,ALLOC,18,256,L0C,,,
36,ALLOC,19,256,L1,,,
37,ALLOC,20,256,L1,,,
38,COPY,,,,MTE3,271,"19,14"
39,COPY_IN,,,,MTE2,581,"20"
40,ALLOC,21,128,L0A,,,
41,ALLOC,22,128,L0B,,,
42,MOVE,,,,MTE1,31,"21,19"
43,MOVE,,,,MTE1,54,"22,20"
44,MATMUL,,,,CUBE,128,"18,22,21"
45,ALLOC,23,256,L0C,,,
46,ALLOC,24,256,L1,,,
47,COPY_IN,,,,MTE2,581,"24"
48,ALLOC,25,128,L0A,,,
49,ALLOC,26,128,L0B,,,
50,MOVE,,,,MTE1,31,"25,19"
51,MOVE,,,,MTE1,54,"26,24"
52,MATMUL,,,,CUBE,128,"23,26,25"
53,ALLOC,27,128,UB,,,
54,COPY,,,,FIXP,41,"27,18"
55,ALLOC,28,128,UB,,,
56,COPY,,,,FIXP,41,"28,23"
57,ALLOC,29,256,L0C,,,
58,ALLOC,30,256,L1,,,
59,COPY_IN,,,,MTE2,581,"30"
60,ALLOC,31,128,L0A,,,
61,ALLOC,32,128,L0B,,,
62,MOVE,,,,MTE1,31,"31,30"
63,MOVE,,,,MTE1,54,"32,2"
64,MATMUL,,,,CUBE,128,"29,32,31"
65,ALLOC,33,256,L1,,,
66,COPY_IN,,,,MTE2,581,"33"
67,ALLOC,34,128,L0A,,,
68,ALLOC,35,128,L0B,,,
69,MOVE,,,,MTE1,31,"34,33"
70,MOVE,,,,MTE1,54,"35,6"
71,MATMUL,,,,CUBE,128,"29,35,34"
72,ALLOC,36,128,UB,,,
73,ALLOC,37,128,UB,,,
74,COPY,,,,FIXP,41,"36,29"
75,ROWMAX,,,,VECTOR,310,"37,36"
76,ALLOC,38,2,UB,,,
77,ALLOC,39,16,UB,,,
78,COMPACT,,,,VECTOR,113,"38,37,39"
79,ALLOC,40,128,UB,,,
80,SUB,,,,VECTOR,151,"40,36,37"
81,ALLOC,41,128,UB,,,
82,EXP,,,,VECTOR,218,"41,40"
83,ALLOC,42,128,UB,,,
84,ROWSUM,,,,VECTOR,342,"42,41"
85,ALLOC,43,2,UB,,,
86,ALLOC,44,16,UB,,,
87,COMPACT,,,,VECTOR,113,"43,42,44"
88,ALLOC,45,256,L0C,,,
89,ALLOC,46,256,L1,,,
90,COPY,,,,MTE3,271,"46,41"
91,ALLOC,47,128,L0A,,,
92,ALLOC,48,128,L0B,,,
93,MOVE,,,,MTE1,31,"47,46"
94,MOVE,,,,MTE1,54,"48,20"
95,MATMUL,,,,CUBE,128,"45,48,47"
96,ALLOC,49,256,L0C,,,
97,ALLOC,50,128,L0A,,,
98,ALLOC,51,128,L0B,,,
99,MOVE,,,,MTE1,31,"50,46"
100,MOVE,,,,MTE1,54,"51,24"
101,MATMUL,,,,CUBE,128,"49,51,50"
102,ALLOC,52,128,UB,,,
103,COPY,,,,FIXP,41,"52,45"
104,ALLOC,53,128,UB,,,
105,COPY,,,,FIXP,41,"53,49"
106,ALLOC,54,256,L0C,,,
107,ALLOC,55,256,L1,,,
108,COPY_IN,,,,MTE2,581,"55"
109,ALLOC,56,128,L0A,,,
110,ALLOC,57,128,L0B,,,
111,MOVE,,,,MTE1,31,"56,55"
112,MOVE,,,,MTE1,54,"57,2"
113,MATMUL,,,,CUBE,128,"54,57,56"
114,ALLOC,58,256,L1,,,
115,COPY_IN,,,,MTE2,581,"58"
116,ALLOC,59,128,L0A,,,
117,ALLOC,60,128,L0B,,,
118,MOVE,,,,MTE1,31,"59,58"
119,MOVE,,,,MTE1,54,"60,6"
120,MATMUL,,,,CUBE,128,"54,60,59"
121,ALLOC,61,128,UB,,,
122,ALLOC,62,128,UB,,,
123,COPY,,,,FIXP,41,"61,54"
124,ROWMAX,,,,VECTOR,310,"62,61"
125,ALLOC,63,2,UB,,,
126,ALLOC,64,16,UB,,,
127,COMPACT,,,,VECTOR,113,"63,62,64"
128,ALLOC,65,128,UB,,,
129,SUB,,,,VECTOR,151,"65,61,62"
130,ALLOC,66,128,UB,,,
131,EXP,,,,VECTOR,218,"66,65"
132,ALLOC,67,128,UB,,,
133,ROWSUM,,,,VECTOR,342,"67,66"
134,ALLOC,68,2,UB,,,
135,ALLOC,69,16,UB,,,
136,COMPACT,,,,VECTOR,113,"68,67,69"
137,ALLOC,70,256,L0C,,,
138,ALLOC,71,256,L1,,,
139,COPY,,,,MTE3,271,"71,66"
140,ALLOC,72,128,L0A,,,
141,ALLOC,73,128,L0B,,,
142,MOVE,,,,MTE1,31,"72,71"
143,MOVE,,,,MTE1,54,"73,20"
144,MATMUL,,,,CUBE,128,"70,73,72"
145,ALLOC,74,256,L0C,,,
146,ALLOC,75,128,L0A,,,
147,ALLOC,76,128,L0B,,,
148,MOVE,,,,MTE1,31,"75,71"
149,MOVE,,,,MTE1,54,"76,24"
150,MATMUL,,,,CUBE,128,"74,76,75"
151,ALLOC,77,128,UB,,,
152,COPY,,,,FIXP,41,"77,70"
153,ALLOC,78,128,UB,,,
154,COPY,,,,FIXP,41,"78,74"
155,ALLOC,79,256,L0C,,,
156,ALLOC,80,256,L1,,,
157,COPY_IN,,,,MTE2,581,"80"
158,ALLOC,81,128,L0A,,,
159,ALLOC,82,128,L0B,,,
160,MOVE,,,,MTE1,31,"81,80"
161,MOVE,,,,MTE1,54,"82,2"
162,MATMUL,,,,CUBE,128,"79,82,81"
163,ALLOC,83,256,L1,,,
164,COPY_IN,,,,MTE2,581,"83"
165,ALLOC,84,128,L0A,,,
166,ALLOC,85,128,L0B,,,
167,MOVE,,,,MTE1,31,"84,83"
168,MOVE,,,,MTE1,54,"85,6"
169,MATMUL,,,,CUBE,128,"79,85,84"
170,ALLOC,86,128,UB,,,
171,ALLOC,87,128,UB,,,
172,COPY,,,,FIXP,41,"86,79"
173,ROWMAX,,,,VECTOR,310,"87,86"
174,ALLOC,88,2,UB,,,
175,ALLOC,89,16,UB,,,
176,COMPACT,,,,VECTOR,113,"88,87,89"
177,ALLOC,90,128,UB,,,
178,SUB,,,,VECTOR,151,"90,86,87"
179,ALLOC,91,128,UB,,,
180,EXP,,,,VECTOR,218,"91,90"
181,ALLOC,92,128,UB,,,
182,ROWSUM,,,,VECTOR,342,"92,91"
183,ALLOC,93,2,UB,,,
184,ALLOC,94,16,UB,,,
185,COMPACT,,,,VECTOR,113,"93,92,94"
186,ALLOC,95,256,L0C,,,
187,ALLOC,96,256,L1,,,
188,COPY,,,,MTE3,271,"96,91"
189,ALLOC,97,128,L0A,,,
190,ALLOC,98,128,L0B,,,
191,MOVE,,,,MTE1,31,"97,96"
192,MOVE,,,,MTE1,54,"98,20"
193,MATMUL,,,,CUBE,128,"95,98,97"
194,ALLOC,99,256,L0C,,,
195,ALLOC,100,128,L0A,,,
196,ALLOC,101,128,L0B,,,
197,MOVE,,,,MTE1,31,"100,96"
198,MOVE,,,,MTE1,54,"101,24"
199,MATMUL,,,,CUBE,128,"99,101,100"
200,ALLOC,102,128,UB,,,
201,COPY,,,,FIXP,41,"102,95"
202,ALLOC,103,128,UB,,,
203,COPY,,,,FIXP,41,"103,99"
204,ALLOC,104,256,L0C,,,
205,ALLOC,105,256,L1,,,
206,COPY_IN,,,,MTE2,581,"105"
207,ALLOC,106,128,L0A,,,
208,ALLOC,107,128,L0B,,,
209,MOVE,,,,MTE1,31,"106,1"
210,MOVE,,,,MTE1,54,"107,105"
211,MATMUL,,,,CUBE,128,"104,107,106"
212,ALLOC,108,256,L1,,,
213,COPY_IN,,,,MTE2,581,"108"
214,ALLOC,109,128,L0A,,,
215,ALLOC,110,128,L0B,,,
216,MOVE,,,,MTE1,31,"109,5"
217,MOVE,,,,MTE1,54,"110,108"
218,MATMUL,,,,CUBE,128,"104,110,109"
219,ALLOC,111,128,UB,,,
220,ALLOC,112,128,UB,,,
221,COPY,,,,FIXP,41,"111,104"
222,ROWMAX,,,,VECTOR,310,"112,111"
223,ALLOC,113,2,UB,,,
224,ALLOC,114,16,UB,,,
225,COMPACT,,,,VECTOR,113,"113,112,114"
226,ALLOC,115,128,UB,,,
227,SUB,,,,VECTOR,151,"115,111,112"
228,ALLOC,116,128,UB,,,
229,EXP,,,,VECTOR,218,"116,115"
230,ALLOC,117,128,UB,,,
231,ROWSUM,,,,VECTOR,342,"117,116"
232,ALLOC,118,2,UB,,,
233,ALLOC,119,16,UB,,,
234,COMPACT,,,,VECTOR,113,"118,117,119"
235,ALLOC,120,2,UB,,,
236,MAX,,,,VECTOR,23,"120,11,113"
237,ALLOC,121,2,UB,,,
238,SUB,,,,VECTOR,24,"121,11,120"
239,ALLOC,122,2,UB,,,
240,EXP,,,,VECTOR,31,"122,121"
241,ALLOC,123,2,UB,,,
242,SUB,,,,VECTOR,24,"123,113,120"
243,ALLOC,124,2,UB,,,
244,EXP,,,,VECTOR,31,"124,123"
245,ALLOC,125,2,UB,,,
246,MUL,,,,VECTOR,25,"125,124,118"
247,ALLOC,126,2,UB,,,
248,MUL,,,,VECTOR,25,"126,122,16"
249,ALLOC,127,2,UB,,,
250,ADD,,,,VECTOR,24,"127,126,125"
251,ALLOC,128,256,L0C,,,
252,ALLOC,129,256,L1,,,
253,ALLOC,130,256,L1,,,
254,COPY,,,,MTE3,271,"129,116"
255,COPY_IN,,,,MTE2,581,"130"
256,ALLOC,131,128,L0A,,,
257,ALLOC,132,128,L0B,,,
258,MOVE,,,,MTE1,31,"131,129"
259,MOVE,,,,MTE1,54,"132,130"
260,MATMUL,,,,CUBE,128,"128,132,131"
261,ALLOC,133,256,L0C,,,
262,ALLOC,134,256,L1,,,
263,COPY_IN,,,,MTE2,581,"134"
264,ALLOC,135,128,L0A,,,
265,ALLOC,136,128,L0B,,,
266,MOVE,,,,MTE1,31,"135,129"
267,MOVE,,,,MTE1,54,"136,134"
268,MATMUL,,,,CUBE,128,"133,136,135"
269,ALLOC,137,128,UB,,,
270,ALLOC,138,128,UB,,,
271,COPY,,,,FIXP,41,"137,128"
272,MUL,,,,VECTOR,38,"138,137,124"
273,ALLOC,139,128,UB,,,
274,ALLOC,140,128,UB,,,
275,COPY,,,,FIXP,41,"139,133"
276,MUL,,,,VECTOR,38,"140,139,124"
277,ALLOC,141,128,UB,,,
278,MUL,,,,VECTOR,38,"141,27,122"
279,ALLOC,142,128,UB,,,
280,MUL,,,,VECTOR,38,"142,28,122"
281,ALLOC,143,128,UB,,,
282,ADD,,,,VECTOR,37,"143,141,138"
283,ALLOC,144,128,UB,,,
284,ADD,,,,VECTOR,37,"144,142,140"
285,ALLOC,145,256,L0C,,,
286,ALLOC,146,128,L0A,,,
287,ALLOC,147,128,L0B,,,
288,MOVE,,,,MTE1,31,"146,30"
289,MOVE,,,,MTE1,54,"147,105"
290,MATMUL,,,,CUBE,128,"145,147,146"
291,ALLOC,148,128,L0A,,,
292,ALLOC,149,128,L0B,,,
293,MOVE,,,,MTE1,31,"148,33"
294,MOVE,,,,MTE1,54,"149,108"
295,MATMUL,,,,CUBE,128,"145,149,148"
296,ALLOC,150,128,UB,,,
297,ALLOC,151,128,UB,,,
298,COPY,,,,FIXP,41,"150,145"
299,ROWMAX,,,,VECTOR,310,"151,150"
300,ALLOC,152,2,UB,,,
301,ALLOC,153,16,UB,,,
302,COMPACT,,,,VECTOR,113,"152,151,153"
303,ALLOC,154,128,UB,,,
304,SUB,,,,VECTOR,151,"154,150,151"
305,ALLOC,155,128,UB,,,
306,EXP,,,,VECTOR,218,"155,154"
307,ALLOC,156,128,UB,,,
308,ROWSUM,,,,VECTOR,342,"156,155"
309,ALLOC,157,2,UB,,,
310,ALLOC,158,16,UB,,,
311,COMPACT,,,,VECTOR,113,"157,156,158"
312,ALLOC,159,2,UB,,,
313,MAX,,,,VECTOR,23,"159,38,152"
314,ALLOC,160,2,UB,,,
315,SUB,,,,VECTOR,24,"160,38,159"
316,ALLOC,161,2,UB,,,
317,EXP,,,,VECTOR,31,"161,160"
318,ALLOC,162,2,UB,,,
319,SUB,,,,VECTOR,24,"162,152,159"
320,ALLOC,163,2,UB,,,
321,EXP,,,,VECTOR,31,"163,162"
322,ALLOC,164,2,UB,,,
323,MUL,,,,VECTOR,25,"164,163,157"
324,ALLOC,165,2,UB,,,
325,MUL,,,,VECTOR,25,"165,161,43"
326,ALLOC,166,2,UB,,,
327,ADD,,,,VECTOR,24,"166,165,164"
328,ALLOC,167,256,L0C,,,
329,ALLOC,168,256,L1,,,
330,COPY,,,,MTE3,271,"168,155"
331,ALLOC,169,128,L0A,,,
332,ALLOC,170,128,L0B,,,
333,MOVE,,,,MTE1,31,"169,168"
334,MOVE,,,,MTE1,54,"170,130"
335,MATMUL,,,,CUBE,128,"167,170,169"
336,ALLOC,171,256,L0C,,,
337,ALLOC,172,128,L0A,,,
338,ALLOC,173,128,L0B,,,
339,MOVE,,,,MTE1,31,"172,168"
340,MOVE,,,,MTE1,54,"173,134"
341,MATMUL,,,,CUBE,128,"171,173,172"
342,ALLOC,174,128,UB,,,
343,ALLOC,175,128,UB,,,
344,COPY,,,,FIXP,41,"174,167"
345,MUL,,,,VECTOR,38,"175,174,163"
346,ALLOC,176,128,UB,,,
347,ALLOC,177,128,UB,,,
348,COPY,,,,FIXP,41,"176,171"
349,MUL,,,,VECTOR,38,"177,176,163"
350,ALLOC,178,128,UB,,,
351,MUL,,,,VECTOR,38,"178,52,161"
352,ALLOC,179,128,UB,,,
353,MUL,,,,VECTOR,38,"179,53,161"
354,ALLOC,180,128,UB,,,
355,ADD,,,,VECTOR,37,"180,178,175"
356,ALLOC,181,128,UB,,,
357,ADD,,,,VECTOR,37,"181,179,177"
358,ALLOC,182,256,L0C,,,
359,ALLOC,183,128,L0A,,,
360,ALLOC,184,128,L0B,,,
361,MOVE,,,,MTE1,31,"183,55"
362,MOVE,,,,MTE1,54,"184,105"
363,MATMUL,,,,CUBE,128,"182,184,183"
364,ALLOC,185,128,L0A,,,
365,ALLOC,186,128,L0B,,,
366,MOVE,,,,MTE1,31,"185,58"
367,MOVE,,,,MTE1,54,"186,108"
368,MATMUL,,,,CUBE,128,"182,186,185"
369,ALLOC,187,128,UB,,,
370,ALLOC,188,128,UB,,,
371,COPY,,,,FIXP,41,"187,182"
372,ROWMAX,,,,VECTOR,310,"188,187"
373,ALLOC,189,2,UB,,,
374,ALLOC,190,16,UB,,,
375,COMPACT,,,,VECTOR,113,"189,188,190"
376,ALLOC,191,128,UB,,,
377,SUB,,,,VECTOR,151,"191,187,188"
378,ALLOC,192,128,UB,,,
379,EXP,,,,VECTOR,218,"192,191"
380,ALLOC,193,128,UB,,,
381,ROWSUM,,,,VECTOR,342,"193,192"
382,ALLOC,194,2,UB,,,
383,ALLOC,195,16,UB,,,
384,COMPACT,,,,VECTOR,113,"194,193,195"
385,ALLOC,196,2,UB,,,
386,MAX,,,,VECTOR,23,"196,63,189"
387,ALLOC,197,2,UB,,,
388,SUB,,,,VECTOR,24,"197,63,196"
389,ALLOC,198,2,UB,,,
390,EXP,,,,VECTOR,31,"198,197"
391,ALLOC,199,2,UB,,,
392,SUB,,,,VECTOR,24,"199,189,196"
393,ALLOC,200,2,UB,,,
394,EXP,,,,VECTOR,31,"200,199"
395,ALLOC,201,2,UB,,,
396,MUL,,,,VECTOR,25,"201,200,194"
397,ALLOC,202,2,UB,,,
398,MUL,,,,VECTOR,25,"202,198,68"
399,ALLOC,203,2,UB,,,
400,ADD,,,,VECTOR,24,"203,202,201"
401,ALLOC,204,256,L0C,,,
402,ALLOC,205,256,L1,,,
403,COPY,,,,MTE3,271,"205,192"
404,ALLOC,206,128,L0A,,,
405,ALLOC,207,128,L0B,,,
406,MOVE,,,,MTE1,31,"206,205"
407,MOVE,,,,MTE1,54,"207,130"
408,MATMUL,,,,CUBE,128,"204,207,206"
409,ALLOC,208,256,L0C,,,
410,ALLOC,209,128,L0A,,,
411,ALLOC,210,128,L0B,,,
412,MOVE,,,,MTE1,31,"209,205"
413,MOVE,,,,MTE1,54,"210,134"
414,MATMUL,,,,CUBE,128,"208,210,209"
415,ALLOC,211,128,UB,,,
416,ALLOC,212,128,UB,,,
417,COPY,,,,FIXP,41,"211,204"
418,MUL,,,,VECTOR,38,"212,211,200"
419,ALLOC,213,128,UB,,,
420,ALLOC,214,128,UB,,,
421,COPY,,,,FIXP,41,"213,208"
422,MUL,,,,VECTOR,38,"214,213,200"
423,ALLOC,215,128,UB,,,
424,MUL,,,,VECTOR,38,"215,77,198"
425,ALLOC,216,128,UB,,,
426,MUL,,,,VECTOR,38,"216,78,198"
427,ALLOC,217,128,UB,,,
428,ADD,,,,VECTOR,37,"217,215,212"
429,ALLOC,218,128,UB,,,
430,ADD,,,,VECTOR,37,"218,216,214"
431,ALLOC,219,256,L0C,,,
432,ALLOC,220,128,L0A,,,
433,ALLOC,221,128,L0B,,,
434,MOVE,,,,MTE1,31,"220,80"
435,MOVE,,,,MTE1,54,"221,105"
436,MATMUL,,,,CUBE,128,"219,221,220"
437,ALLOC,222,128,L0A,,,
438,ALLOC,223,128,L0B,,,
439,MOVE,,,,MTE1,31,"222,83"
440,MOVE,,,,MTE1,54,"223,108"
441,MATMUL,,,,CUBE,128,"219,223,222"
442,ALLOC,224,128,UB,,,
443,ALLOC,225,128,UB,,,
444,COPY,,,,FIXP,41,"224,219"
445,ROWMAX,,,,VECTOR,310,"225,224"
446,ALLOC,226,2,UB,,,
447,ALLOC,227,16,UB,,,
448,COMPACT,,,,VECTOR,113,"226,225,227"
449,ALLOC,228,128,UB,,,
450,SUB,,,,VECTOR,151,"228,224,225"
451,ALLOC,229,128,UB,,,
452,EXP,,,,VECTOR,218,"229,228"
453,ALLOC,230,128,UB,,,
454,ROWSUM,,,,VECTOR,342,"230,229"
455,ALLOC,231,2,UB,,,
456,ALLOC,232,16,UB,,,
457,COMPACT,,,,VECTOR,113,"231,230,232"
458,ALLOC,233,2,UB,,,
459,MAX,,,,VECTOR,23,"233,88,226"
460,ALLOC,234,2,UB,,,
461,SUB,,,,VECTOR,24,"234,88,233"
462,ALLOC,235,2,UB,,,
463,EXP,,,,VECTOR,31,"235,234"
464,ALLOC,236,2,UB,,,
465,SUB,,,,VECTOR,24,"236,226,233"
466,ALLOC,237,2,UB,,,
467,EXP,,,,VECTOR,31,"237,236"
468,ALLOC,238,2,UB,,,
469,MUL,,,,VECTOR,25,"238,237,231"
470,ALLOC,239,2,UB,,,
471,MUL,,,,VECTOR,25,"239,235,93"
472,ALLOC,240,2,UB,,,
473,ADD,,,,VECTOR,24,"240,239,238"
474,ALLOC,241,256,L0C,,,
475,ALLOC,242,256,L1,,,
476,COPY,,,,MTE3,271,"242,229"
477,ALLOC,243,128,L0A,,,
478,ALLOC,244,128,L0B,,,
479,MOVE,,,,MTE1,31,"243,242"
480,MOVE,,,,MTE1,54,"244,130"
481,MATMUL,,,,CUBE,128,"241,244,243"
482,ALLOC,245,256,L0C,,,
483,ALLOC,246,128,L0A,,,
484,ALLOC,247,128,L0B,,,
485,MOVE,,,,MTE1,31,"246,242"
486,MOVE,,,,MTE1,54,"247,134"
487,MATMUL,,,,CUBE,128,"245,247,246"
488,ALLOC,248,128,UB,,,
489,ALLOC,249,128,UB,,,
490,COPY,,,,FIXP,41,"248,241"
491,MUL,,,,VECTOR,38,"249,248,237"
492,ALLOC,250,128,UB,,,
493,ALLOC,251,128,UB,,,
494,COPY,,,,FIXP,41,"250,245"
495,MUL,,,,VECTOR,38,"251,250,237"
496,ALLOC,252,128,UB,,,
497,MUL,,,,VECTOR,38,"252,102,235"
498,ALLOC,253,128,UB,,,
499,MUL,,,,VECTOR,38,"253,103,235"
500,ALLOC,254,128,UB,,,
501,ADD,,,,VECTOR,37,"254,252,249"
502,ALLOC,255,128,UB,,,
503,ADD,,,,VECTOR,37,"255,253,251"
504,ALLOC,256,256,L0C,,,
505,ALLOC,257,256,L1,,,
506,COPY_IN,,,,MTE2,581,"257"
507,ALLOC,258,128,L0A,,,
508,ALLOC,259,128,L0B,,,
509,MOVE,,,,MTE1,31,"258,1"
510,MOVE,,,,MTE1,54,"259,257"
511,MATMUL,,,,CUBE,128,"256,259,258"
512,ALLOC,260,256,L1,,,
513,COPY_IN,,,,MTE2,581,"260"
514,ALLOC,261,128,L0A,,,
515,ALLOC,262,128,L0B,,,
516,MOVE,,,,MTE1,31,"261,5"
517,MOVE,,,,MTE1,54,"262,260"
518,MATMUL,,,,CUBE,128,"256,262,261"
519,ALLOC,263,128,UB,,,
520,ALLOC,264,128,UB,,,
521,COPY,,,,FIXP,41,"263,256"
522,ROWMAX,,,,VECTOR,310,"264,263"
523,ALLOC,265,2,UB,,,
524,ALLOC,266,16,UB,,,
525,COMPACT,,,,VECTOR,113,"265,264,266"
526,ALLOC,267,128,UB,,,
527,SUB,,,,VECTOR,151,"267,263,264"
528,ALLOC,268,128,UB,,,
529,EXP,,,,VECTOR,218,"268,267"
530,ALLOC,269,128,UB,,,
531,ROWSUM,,,,VECTOR,342,"269,268"
532,ALLOC,270,2,UB,,,
533,ALLOC,271,16,UB,,,
534,COMPACT,,,,VECTOR,113,"270,269,271"
535,ALLOC,272,2,UB,,,
536,MAX,,,,VECTOR,23,"272,120,265"
537,ALLOC,273,2,UB,,,
538,SUB,,,,VECTOR,24,"273,120,272"
539,ALLOC,274,2,UB,,,
540,EXP,,,,VECTOR,31,"274,273"
541,ALLOC,275,2,UB,,,
542,SUB,,,,VECTOR,24,"275,265,272"
543,ALLOC,276,2,UB,,,
544,EXP,,,,VECTOR,31,"276,275"
545,ALLOC,277,2,UB,,,
546,MUL,,,,VECTOR,25,"277,276,270"
547,ALLOC,278,2,UB,,,
548,MUL,,,,VECTOR,25,"278,274,127"
549,ALLOC,279,2,UB,,,
550,ADD,,,,VECTOR,24,"279,278,277"
551,ALLOC,280,256,L0C,,,
552,ALLOC,281,256,L1,,,
553,ALLOC,282,256,L1,,,
554,COPY,,,,MTE3,271,"281,268"
555,COPY_IN,,,,MTE2,581,"282"
556,ALLOC,283,128,L0A,,,
557,ALLOC,284,128,L0B,,,
558,MOVE,,,,MTE1,31,"283,281"
559,MOVE,,,,MTE1,54,"284,282"
560,MATMUL,,,,CUBE,128,"280,284,283"
561,ALLOC,285,256,L0C,,,
562,ALLOC,286,256,L1,,,
563,COPY_IN,,,,MTE2,581,"286"
564,ALLOC,287,128,L0A,,,
565,ALLOC,288,128,L0B,,,
566,MOVE,,,,MTE1,31,"287,281"
567,MOVE,,,,MTE1,54,"288,286"
568,MATMUL,,,,CUBE,128,"285,288,287"
569,ALLOC,289,128,UB,,,
570,ALLOC,290,128,UB,,,
571,COPY,,,,FIXP,41,"289,280"
572,MUL,,,,VECTOR,38,"290,289,276"
573,ALLOC,291,128,UB,,,
574,ALLOC,292,128,UB,,,
575,COPY,,,,FIXP,41,"291,285"
576,MUL,,,,VECTOR,38,"292,291,276"
577,ALLOC,293,128,UB,,,
578,MUL,,,,VECTOR,38,"293,143,274"
579,ALLOC,294,128,UB,,,
580,MUL,,,,VECTOR,38,"294,144,274"
581,ALLOC,295,128,UB,,,
582,ADD,,,,VECTOR,37,"295,293,290"
583,ALLOC,296,128,UB,,,
584,ADD,,,,VECTOR,37,"296,294,292"
585,ALLOC,297,256,L0C,,,
586,ALLOC,298,128,L0A,,,
587,ALLOC,299,128,L0B,,,
588,MOVE,,,,MTE1,31,"298,30"
589,MOVE,,,,MTE1,54,"299,257"
590,MATMUL,,,,CUBE,128,"297,299,298"
591,ALLOC,300,128,L0A,,,
592,ALLOC,301,128,L0B,,,
593,MOVE,,,,MTE1,31,"300,33"
594,MOVE,,,,MTE1,54,"301,260"
595,MATMUL,,,,CUBE,128,"297,301,300"
596,ALLOC,302,128,UB,,,
597,ALLOC,303,128,UB,,,
598,COPY,,,,FIXP,41,"302,297"
599,ROWMAX,,,,VECTOR,310,"303,302"
600,ALLOC,304,2,UB,,,
601,ALLOC,305,16,UB,,,
602,COMPACT,,,,VECTOR,113,"304,303,305"
603,ALLOC,306,128,UB,,,
604,SUB,,,,VECTOR,151,"306,302,303"
605,ALLOC,307,128,UB,,,
606,EXP,,,,VECTOR,218,"307,306"
607,ALLOC,308,128,UB,,,
608,ROWSUM,,,,VECTOR,342,"308,307"
609,ALLOC,309,2,UB,,,
610,ALLOC,310,16,UB,,,
611,COMPACT,,,,VECTOR,113,"309,308,310"
612,ALLOC,311,2,UB,,,
613,MAX,,,,VECTOR,23,"311,159,304"
614,ALLOC,312,2,UB,,,
615,SUB,,,,VECTOR,24,"312,159,311"
616,ALLOC,313,2,UB,,,
617,EXP,,,,VECTOR,31,"313,312"
618,ALLOC,314,2,UB,,,
619,SUB,,,,VECTOR,24,"314,304,311"
620,ALLOC,315,2,UB,,,
621,EXP,,,,VECTOR,31,"315,314"
622,ALLOC,316,2,UB,,,
623,MUL,,,,VECTOR,25,"316,315,309"
624,ALLOC,317,2,UB,,,
625,MUL,,,,VECTOR,25,"317,313,166"
626,ALLOC,318,2,UB,,,
627,ADD,,,,VECTOR,24,"318,317,316"
628,ALLOC,319,256,L0C,,,
629,ALLOC,320,256,L1,,,
630,COPY,,,,MTE3,271,"320,307"
631,ALLOC,321,128,L0A,,,
632,ALLOC,322,128,L0B,,,
633,MOVE,,,,MTE1,31,"321,320"
634,MOVE,,,,MTE1,54,"322,282"
635,MATMUL,,,,CUBE,128,"319,322,321"
636,ALLOC,323,256,L0C,,,
637,ALLOC,324,128,L0A,,,
638,ALLOC,325,128,L0B,,,
639,MOVE,,,,MTE1,31,"324,320"
640,MOVE,,,,MTE1,54,"325,286"
641,MATMUL,,,,CUBE,128,"323,325,324"
642,ALLOC,326,128,UB,,,
643,ALLOC,327,128,UB,,,
644,COPY,,,,FIXP,41,"326,319"
645,MUL,,,,VECTOR,38,"327,326,315"
646,ALLOC,328,128,UB,,,
647,ALLOC,329,128,UB,,,
648,COPY,,,,FIXP,41,"328,323"
649,MUL,,,,VECTOR,38,"329,328,315"
650,ALLOC,330,128,UB,,,
651,MUL,,,,VECTOR,38,"330,180,313"
652,ALLOC,331,128,UB,,,
653,MUL,,,,VECTOR,38,"331,181,313"
654,ALLOC,332,128,UB,,,
655,ADD,,,,VECTOR,37,"332,330,327"
656,ALLOC,333,128,UB,,,
657,ADD,,,,VECTOR,37,"333,331,329"
658,ALLOC,334,256,L0C,,,
659,ALLOC,335,128,L0A,,,
660,ALLOC,336,128,L0B,,,
661,MOVE,,,,MTE1,31,"335,55"
662,MOVE,,,,MTE1,54,"336,257"
663,MATMUL,,,,CUBE,128,"334,336,335"
664,ALLOC,337,128,L0A,,,
665,ALLOC,338,128,L0B,,,
666,MOVE,,,,MTE1,31,"337,58"
667,MOVE,,,,MTE1,54,"338,260"
668,MATMUL,,,,CUBE,128,"334,338,337"
669,ALLOC,339,128,UB,,,
670,ALLOC,340,128,UB,,,
671,COPY,,,,FIXP,41,"339,334"
672,ROWMAX,,,,VECTOR,310,"340,339"
673,ALLOC,341,2,UB,,,
674,ALLOC,342,16,UB,,,
675,COMPACT,,,,VECTOR,113,"341,340,342"
676,ALLOC,343,128,UB,,,
677,SUB,,,,VECTOR,151,"343,339,340"
678,ALLOC,344,128,UB,,,
679,EXP,,,,VECTOR,218,"344,343"
680,ALLOC,345,128,UB,,,
681,ROWSUM,,,,VECTOR,342,"345,344"
682,ALLOC,346,2,UB,,,
683,ALLOC,347,16,UB,,,
684,COMPACT,,,,VECTOR,113,"346,345,347"
685,ALLOC,348,2,UB,,,
686,MAX,,,,VECTOR,23,"348,196,341"
687,ALLOC,349,2,UB,,,
688,SUB,,,,VECTOR,24,"349,196,348"
689,ALLOC,350,2,UB,,,
690,EXP,,,,VECTOR,31,"350,349"
691,ALLOC,351,2,UB,,,
692,SUB,,,,VECTOR,24,"351,341,348"
693,ALLOC,352,2,UB,,,
694,EXP,,,,VECTOR,31,"352,351"
695,ALLOC,353,2,UB,,,
696,MUL,,,,VECTOR,25,"353,352,346"
697,ALLOC,354,2,UB,,,
698,MUL,,,,VECTOR,25,"354,350,203"
699,ALLOC,355,2,UB,,,
700,ADD,,,,VECTOR,24,"355,354,353"
701,ALLOC,356,256,L0C,,,
702,ALLOC,357,256,L1,,,
703,COPY,,,,MTE3,271,"357,344"
704,ALLOC,358,128,L0A,,,
705,ALLOC,359,128,L0B,,,
706,MOVE,,,,MTE1,31,"358,357"
707,MOVE,,,,MTE1,54,"359,282"
708,MATMUL,,,,CUBE,128,"356,359,358"
709,ALLOC,360,256,L0C,,,
710,ALLOC,361,128,L0A,,,
711,ALLOC,362,128,L0B,,,
712,MOVE,,,,MTE1,31,"361,357"
713,MOVE,,,,MTE1,54,"362,286"
714,MATMUL,,,,CUBE,128,"360,362,361"
715,ALLOC,363,128,UB,,,
716,ALLOC,364,128,UB,,,
717,COPY,,,,FIXP,41,"363,356"
718,MUL,,,,VECTOR,38,"364,363,352"
719,ALLOC,365,128,UB,,,
720,ALLOC,366,128,UB,,,
721,COPY,,,,FIXP,41,"365,360"
722,MUL,,,,VECTOR,38,"366,365,352"
723,ALLOC,367,128,UB,,,
724,MUL,,,,VECTOR,38,"367,217,350"
725,ALLOC,368,128,UB,,,
726,MUL,,,,VECTOR,38,"368,218,350"
727,ALLOC,369,128,UB,,,
728,ADD,,,,VECTOR,37,"369,367,364"
729,ALLOC,370,128,UB,,,
730,ADD,,,,VECTOR,37,"370,368,366"
731,ALLOC,371,256,L0C,,,
732,ALLOC,372,128,L0A,,,
733,ALLOC,373,128,L0B,,,
734,MOVE,,,,MTE1,31,"372,80"
735,MOVE,,,,MTE1,54,"373,257"
736,MATMUL,,,,CUBE,128,"371,373,372"
737,ALLOC,374,128,L0A,,,
738,ALLOC,375,128,L0B,,,
739,MOVE,,,,MTE1,31,"374,83"
740,MOVE,,,,MTE1,54,"375,260"
741,MATMUL,,,,CUBE,128,"371,375,374"
742,ALLOC,376,128,UB,,,
743,ALLOC,377,128,UB,,,
744,COPY,,,,FIXP,41,"376,371"
745,ROWMAX,,,,VECTOR,310,"377,376"
746,ALLOC,378,2,UB,,,
747,ALLOC,379,16,UB,,,
748,COMPACT,,,,VECTOR,113,"378,377,379"
749,ALLOC,380,128,UB,,,
750,SUB,,,,VECTOR,151,"380,376,377"
751,ALLOC,381,128,UB,,,
752,EXP,,,,VECTOR,218,"381,380"
753,ALLOC,382,128,UB,,,
754,ROWSUM,,,,VECTOR,342,"382,381"
755,ALLOC,383,2,UB,,,
756,ALLOC,384,16,UB,,,
757,COMPACT,,,,VECTOR,113,"383,382,384"
758,ALLOC,385,2,UB,,,
759,MAX,,,,VECTOR,23,"385,233,378"
760,ALLOC,386,2,UB,,,
761,SUB,,,,VECTOR,24,"386,233,385"
762,ALLOC,387,2,UB,,,
763,EXP,,,,VECTOR,31,"387,386"
764,ALLOC,388,2,UB,,,
765,SUB,,,,VECTOR,24,"388,378,385"
766,ALLOC,389,2,UB,,,
767,EXP,,,,VECTOR,31,"389,388"
768,ALLOC,390,2,UB,,,
769,MUL,,,,VECTOR,25,"390,389,383"
770,ALLOC,391,2,UB,,,
771,MUL,,,,VECTOR,25,"391,387,240"
772,ALLOC,392,2,UB,,,
773,ADD,,,,VECTOR,24,"392,391,390"
774,ALLOC,393,256,L0C,,,
775,ALLOC,394,256,L1,,,
776,COPY,,,,MTE3,271,"394,381"
777,ALLOC,395,128,L0A,,,
778,ALLOC,396,128,L0B,,,
779,MOVE,,,,MTE1,31,"395,394"
780,MOVE,,,,MTE1,54,"396,282"
781,MATMUL,,,,CUBE,128,"393,396,395"
782,ALLOC,397,256,L0C,,,
783,ALLOC,398,128,L0A,,,
784,ALLOC,399,128,L0B,,,
785,MOVE,,,,MTE1,31,"398,394"
786,MOVE,,,,MTE1,54,"399,286"
787,MATMUL,,,,CUBE,128,"397,399,398"
788,ALLOC,400,128,UB,,,
789,ALLOC,401,128,UB,,,
790,COPY,,,,FIXP,41,"400,393"
791,MUL,,,,VECTOR,38,"401,400,389"
792,ALLOC,402,128,UB,,,
793,ALLOC,403,128,UB,,,
794,COPY,,,,FIXP,41,"402,397"
795,MUL,,,,VECTOR,38,"403,402,389"
796,ALLOC,404,128,UB,,,
797,MUL,,,,VECTOR,38,"404,254,387"
798,ALLOC,405,128,UB,,,
799,MUL,,,,VECTOR,38,"405,255,387"
800,ALLOC,406,128,UB,,,
801,ADD,,,,VECTOR,37,"406,404,401"
802,ALLOC,407,128,UB,,,
803,ADD,,,,VECTOR,37,"407,405,403"
804,ALLOC,408,256,L0C,,,
805,ALLOC,409,256,L1,,,
806,COPY_IN,,,,MTE2,581,"409"
807,ALLOC,410,128,L0A,,,
808,ALLOC,411,128,L0B,,,
809,MOVE,,,,MTE1,31,"410,1"
810,MOVE,,,,MTE1,54,"411,409"
811,MATMUL,,,,CUBE,128,"408,411,410"
812,ALLOC,412,256,L1,,,
813,COPY_IN,,,,MTE2,581,"412"
814,ALLOC,413,128,L0A,,,
815,ALLOC,414,128,L0B,,,
816,MOVE,,,,MTE1,31,"413,5"
817,MOVE,,,,MTE1,54,"414,412"
818,MATMUL,,,,CUBE,128,"408,414,413"
819,ALLOC,415,128,UB,,,
820,ALLOC,416,128,UB,,,
821,COPY,,,,FIXP,41,"415,408"
822,ROWMAX,,,,VECTOR,310,"416,415"
823,ALLOC,417,2,UB,,,
824,ALLOC,418,16,UB,,,
825,COMPACT,,,,VECTOR,113,"417,416,418"
826,ALLOC,419,128,UB,,,
827,SUB,,,,VECTOR,151,"419,415,416"
828,ALLOC,420,128,UB,,,
829,EXP,,,,VECTOR,218,"420,419"
830,ALLOC,421,128,UB,,,
831,ROWSUM,,,,VECTOR,342,"421,420"
832,ALLOC,422,2,UB,,,
833,ALLOC,423,16,UB,,,
834,COMPACT,,,,VECTOR,113,"422,421,423"
835,ALLOC,424,2,UB,,,
836,MAX,,,,VECTOR,23,"424,272,417"
837,ALLOC,425,2,UB,,,
838,SUB,,,,VECTOR,24,"425,272,424"
839,ALLOC,426,2,UB,,,
840,EXP,,,,VECTOR,31,"426,425"
841,ALLOC,427,2,UB,,,
842,SUB,,,,VECTOR,24,"427,417,424"
843,ALLOC,428,2,UB,,,
844,EXP,,,,VECTOR,31,"428,427"
845,ALLOC,429,2,UB,,,
846,MUL,,,,VECTOR,25,"429,428,422"
847,ALLOC,430,2,UB,,,
848,MUL,,,,VECTOR,25,"430,426,279"
849,ALLOC,431,2,UB,,,
850,ADD,,,,VECTOR,24,"431,430,429"
851,ALLOC,432,256,L0C,,,
852,ALLOC,433,256,L1,,,
853,ALLOC,434,256,L1,,,
854,COPY,,,,MTE3,271,"433,420"
855,COPY_IN,,,,MTE2,581,"434"
856,ALLOC,435,128,L0A,,,
857,ALLOC,436,128,L0B,,,
858,MOVE,,,,MTE1,31,"435,433"
859,MOVE,,,,MTE1,54,"436,434"
860,MATMUL,,,,CUBE,128,"432,436,435"
861,ALLOC,437,256,L0C,,,
862,ALLOC,438,256,L1,,,
863,COPY_IN,,,,MTE2,581,"438"
864,ALLOC,439,128,L0A,,,
865,ALLOC,440,128,L0B,,,
866,MOVE,,,,MTE1,31,"439,433"
867,MOVE,,,,MTE1,54,"440,438"
868,MATMUL,,,,CUBE,128,"437,440,439"
869,ALLOC,441,128,UB,,,
870,ALLOC,442,128,UB,,,
871,COPY,,,,FIXP,41,"441,432"
872,MUL,,,,VECTOR,38,"442,441,428"
873,ALLOC,443,128,UB,,,
874,ALLOC,444,128,UB,,,
875,COPY,,,,FIXP,41,"443,437"
876,MUL,,,,VECTOR,38,"444,443,428"
877,ALLOC,445,128,UB,,,
878,MUL,,,,VECTOR,38,"445,295,426"
879,ALLOC,446,128,UB,,,
880,MUL,,,,VECTOR,38,"446,296,426"
881,ALLOC,447,128,UB,,,
882,ADD,,,,VECTOR,37,"447,445,442"
883,ALLOC,448,128,UB,,,
884,ADD,,,,VECTOR,37,"448,446,444"
885,ALLOC,449,2,UB,,,
886,REC,,,,VECTOR,37,"449,431"
887,ALLOC,450,128,UB,,,
888,MUL,,,,VECTOR,38,"450,447,449"
889,ALLOC,451,128,UB,,,
890,MUL,,,,VECTOR,38,"451,448,449"
891,COPY_OUT,,,,MTE3,191,"450"
892,COPY_OUT,,,,MTE3,191,"451"
893,COPY_OUT,,,,MTE3,150,"431"
894,COPY_OUT,,,,MTE3,150,"424"
895,ALLOC,452,256,L0C,,,
896,ALLOC,453,128,L0A,,,
897,ALLOC,454,128,L0B,,,
898,MOVE,,,,MTE1,31,"453,30"
899,MOVE,,,,MTE1,54,"454,409"
900,MATMUL,,,,CUBE,128,"452,454,453"
901,ALLOC,455,128,L0A,,,
902,ALLOC,456,128,L0B,,,
903,MOVE,,,,MTE1,31,"455,33"
904,MOVE,,,,MTE1,54,"456,412"
905,MATMUL,,,,CUBE,128,"452,456,455"
906,ALLOC,457,128,UB,,,
907,ALLOC,458,128,UB,,,
908,COPY,,,,FIXP,41,"457,452"
909,ROWMAX,,,,VECTOR,310,"458,457"
910,ALLOC,459,2,UB,,,
911,ALLOC,460,16,UB,,,
912,COMPACT,,,,VECTOR,113,"459,458,460"
913,ALLOC,461,128,UB,,,
914,SUB,,,,VECTOR,151,"461,457,458"
915,ALLOC,462,128,UB,,,
916,EXP,,,,VECTOR,218,"462,461"
917,ALLOC,463,128,UB,,,
918,ROWSUM,,,,VECTOR,342,"463,462"
919,ALLOC,464,2,UB,,,
920,ALLOC,465,16,UB,,,
921,COMPACT,,,,VECTOR,113,"464,463,465"
922,ALLOC,466,2,UB,,,
923,MAX,,,,VECTOR,23,"466,311,459"
924,ALLOC,467,2,UB,,,
925,SUB,,,,VECTOR,24,"467,311,466"
926,ALLOC,468,2,UB,,,
927,EXP,,,,VECTOR,31,"468,467"
928,ALLOC,469,2,UB,,,
929,SUB,,,,VECTOR,24,"469,459,466"
930,ALLOC,470,2,UB,,,
931,EXP,,,,VECTOR,31,"470,469"
932,ALLOC,471,2,UB,,,
933,MUL,,,,VECTOR,25,"471,470,464"
934,ALLOC,472,2,UB,,,
935,MUL,,,,VECTOR,25,"472,468,318"
936,ALLOC,473,2,UB,,,
937,ADD,,,,VECTOR,24,"473,472,471"
938,ALLOC,474,256,L0C,,,
939,ALLOC,475,256,L1,,,
940,COPY,,,,MTE3,271,"475,462"
941,ALLOC,476,128,L0A,,,
942,ALLOC,477,128,L0B,,,
943,MOVE,,,,MTE1,31,"476,475"
944,MOVE,,,,MTE1,54,"477,434"
945,MATMUL,,,,CUBE,128,"474,477,476"
946,ALLOC,478,256,L0C,,,
947,ALLOC,479,128,L0A,,,
948,ALLOC,480,128,L0B,,,
949,MOVE,,,,MTE1,31,"479,475"
950,MOVE,,,,MTE1,54,"480,438"
951,MATMUL,,,,CUBE,128,"478,480,479"
952,ALLOC,481,128,UB,,,
953,ALLOC,482,128,UB,,,
954,COPY,,,,FIXP,41,"481,474"
955,MUL,,,,VECTOR,38,"482,481,470"
956,ALLOC,483,128,UB,,,
957,ALLOC,484,128,UB,,,
958,COPY,,,,FIXP,41,"483,478"
959,MUL,,,,VECTOR,38,"484,483,470"
960,ALLOC,485,128,UB,,,
961,MUL,,,,VECTOR,38,"485,332,468"
962,ALLOC,486,128,UB,,,
963,MUL,,,,VECTOR,38,"486,333,468"
964,ALLOC,487,128,UB,,,
965,ADD,,,,VECTOR,37,"487,485,482"
966,ALLOC,488,128,UB,,,
967,ADD,,,,VECTOR,37,"488,486,484"
968,ALLOC,489,2,UB,,,
969,REC,,,,VECTOR,37,"489,473"
970,ALLOC,490,128,UB,,,
971,MUL,,,,VECTOR,38,"490,487,489"
972,ALLOC,491,128,UB,,,
973,MUL,,,,VECTOR,38,"491,488,489"
974,COPY_OUT,,,,MTE3,191,"490"
975,COPY_OUT,,,,MTE3,191,"491"
976,COPY_OUT,,,,MTE3,150,"473"
977,COPY_OUT,,,,MTE3,150,"466"
978,ALLOC,492,256,L0C,,,
979,ALLOC,493,128,L0A,,,
980,ALLOC,494,128,L0B,,,
981,MOVE,,,,MTE1,31,"493,55"
982,MOVE,,,,MTE1,54,"494,409"
983,MATMUL,,,,CUBE,128,"492,494,493"
984,ALLOC,495,128,L0A,,,
985,ALLOC,496,128,L0B,,,
986,MOVE,,,,MTE1,31,"495,58"
987,MOVE,,,,MTE1,54,"496,412"
988,MATMUL,,,,CUBE,128,"492,496,495"
989,ALLOC,497,128,UB,,,
990,ALLOC,498,128,UB,,,
991,COPY,,,,FIXP,41,"497,492"
992,ROWMAX,,,,VECTOR,310,"498,497"
993,ALLOC,499,2,UB,,,
994,ALLOC,500,16,UB,,,
995,COMPACT,,,,VECTOR,113,"499,498,500"
996,ALLOC,501,128,UB,,,
997,SUB,,,,VECTOR,151,"501,497,498"
998,ALLOC,502,128,UB,,,
999,EXP,,,,VECTOR,218,"502,501"
1000,ALLOC,503,128,UB,,,
1001,ROWSUM,,,,VECTOR,342,"503,502"
1002,ALLOC,504,2,UB,,,
1003,ALLOC,505,16,UB,,,
1004,COMPACT,,,,VECTOR,113,"504,503,505"
1005,ALLOC,506,2,UB,,,
1006,MAX,,,,VECTOR,23,"506,348,499"
1007,ALLOC,507,2,UB,,,
1008,SUB,,,,VECTOR,24,"507,348,506"
1009,ALLOC,508,2,UB,,,
1010,EXP,,,,VECTOR,31,"508,507"
1011,ALLOC,509,2,UB,,,
1012,SUB,,,,VECTOR,24,"509,499,506"
1013,ALLOC,510,2,UB,,,
1014,EXP,,,,VECTOR,31,"510,509"
1015,ALLOC,511,2,UB,,,
1016,MUL,,,,VECTOR,25,"511,510,504"
1017,ALLOC,512,2,UB,,,
1018,MUL,,,,VECTOR,25,"512,508,355"
1019,ALLOC,513,2,UB,,,
1020,ADD,,,,VECTOR,24,"513,512,511"
1021,ALLOC,514,256,L0C,,,
1022,ALLOC,515,256,L1,,,
1023,COPY,,,,MTE3,271,"515,502"
1024,ALLOC,516,128,L0A,,,
1025,ALLOC,517,128,L0B,,,
1026,MOVE,,,,MTE1,31,"516,515"
1027,MOVE,,,,MTE1,54,"517,434"
1028,MATMUL,,,,CUBE,128,"514,517,516"
1029,ALLOC,518,256,L0C,,,
1030,ALLOC,519,128,L0A,,,
1031,ALLOC,520,128,L0B,,,
1032,MOVE,,,,MTE1,31,"519,515"
1033,MOVE,,,,MTE1,54,"520,438"
1034,MATMUL,,,,CUBE,128,"518,520,519"
1035,ALLOC,521,128,UB,,,
1036,ALLOC,522,128,UB,,,
1037,COPY,,,,FIXP,41,"521,514"
1038,MUL,,,,VECTOR,38,"522,521,510"
1039,ALLOC,523,128,UB,,,
1040,ALLOC,524,128,UB,,,
1041,COPY,,,,FIXP,41,"523,518"
1042,MUL,,,,VECTOR,38,"524,523,510"
1043,ALLOC,525,128,UB,,,
1044,MUL,,,,VECTOR,38,"525,369,508"
1045,ALLOC,526,128,UB,,,
1046,MUL,,,,VECTOR,38,"526,370,508"
1047,ALLOC,527,128,UB,,,
1048,ADD,,,,VECTOR,37,"527,525,522"
1049,ALLOC,528,128,UB,,,
1050,ADD,,,,VECTOR,37,"528,526,524"
1051,ALLOC,529,2,UB,,,
1052,REC,,,,VECTOR,37,"529,513"
1053,ALLOC,530,128,UB,,,
1054,MUL,,,,VECTOR,38,"530,527,529"
1055,ALLOC,531,128,UB,,,
1056,MUL,,,,VECTOR,38,"531,528,529"
1057,COPY_OUT,,,,MTE3,191,"530"
1058,COPY_OUT,,,,MTE3,191,"531"
1059,COPY_OUT,,,,MTE3,150,"513"
1060,COPY_OUT,,,,MTE3,150,"506"
1061,ALLOC,532,256,L0C,,,
1062,ALLOC,533,128,L0A,,,
1063,ALLOC,534,128,L0B,,,
1064,MOVE,,,,MTE1,31,"533,80"
1065,MOVE,,,,MTE1,54,"534,409"
1066,MATMUL,,,,CUBE,128,"532,534,533"
1067,ALLOC,535,128,L0A,,,
1068,ALLOC,536,128,L0B,,,
1069,MOVE,,,,MTE1,31,"535,83"
1070,MOVE,,,,MTE1,54,"536,412"
1071,MATMUL,,,,CUBE,128,"532,536,535"
1072,ALLOC,537,128,UB,,,
1073,ALLOC,538,128,UB,,,
1074,COPY,,,,FIXP,41,"537,532"
1075,ROWMAX,,,,VECTOR,310,"538,537"
1076,ALLOC,539,2,UB,,,
1077,ALLOC,540,16,UB,,,
1078,COMPACT,,,,VECTOR,113,"539,538,540"
1079,ALLOC,541,128,UB,,,
1080,SUB,,,,VECTOR,151,"541,537,538"
1081,ALLOC,542,128,UB,,,
1082,EXP,,,,VECTOR,218,"542,541"
1083,ALLOC,543,128,UB,,,
1084,ROWSUM,,,,VECTOR,342,"543,542"
1085,ALLOC,544,2,UB,,,
1086,ALLOC,545,16,UB,,,
1087,COMPACT,,,,VECTOR,113,"544,543,545"
1088,ALLOC,546,2,UB,,,
1089,MAX,,,,VECTOR,23,"546,385,539"
1090,ALLOC,547,2,UB,,,
1091,SUB,,,,VECTOR,24,"547,385,546"
1092,ALLOC,548,2,UB,,,
1093,EXP,,,,VECTOR,31,"548,547"
1094,ALLOC,549,2,UB,,,
1095,SUB,,,,VECTOR,24,"549,539,546"
1096,ALLOC,550,2,UB,,,
1097,EXP,,,,VECTOR,31,"550,549"
1098,ALLOC,551,2,UB,,,
1099,MUL,,,,VECTOR,25,"551,550,544"
1100,ALLOC,552,2,UB,,,
1101,MUL,,,,VECTOR,25,"552,548,392"
1102,ALLOC,553,2,UB,,,
1103,ADD,,,,VECTOR,24,"553,552,551"
1104,ALLOC,554,256,L0C,,,
1105,ALLOC,555,256,L1,,,
1106,COPY,,,,MTE3,271,"555,542"
1107,ALLOC,556,128,L0A,,,
1108,ALLOC,557,128,L0B,,,
1109,MOVE,,,,MTE1,31,"556,555"
1110,MOVE,,,,MTE1,54,"557,434"
1111,MATMUL,,,,CUBE,128,"554,557,556"
1112,ALLOC,558,256,L0C,,,
1113,ALLOC,559,128,L0A,,,
1114,ALLOC,560,128,L0B,,,
1115,MOVE,,,,MTE1,31,"559,555"
1116,MOVE,,,,MTE1,54,"560,438"
1117,MATMUL,,,,CUBE,128,"558,560,559"
1118,ALLOC,561,128,UB,,,
1119,ALLOC,562,128,UB,,,
1120,COPY,,,,FIXP,41,"561,554"
1121,MUL,,,,VECTOR,38,"562,561,550"
1122,ALLOC,563,128,UB,,,
1123,ALLOC,564,128,UB,,,
1124,COPY,,,,FIXP,41,"563,558"
1125,MUL,,,,VECTOR,38,"564,563,550"
1126,ALLOC,565,128,UB,,,
1127,MUL,,,,VECTOR,38,"565,406,548"
1128,ALLOC,566,128,UB,,,
1129,MUL,,,,VECTOR,38,"566,407,548"
1130,ALLOC,567,128,UB,,,
1131,ADD,,,,VECTOR,37,"567,565,562"
1132,ALLOC,568,128,UB,,,
1133,ADD,,,,VECTOR,37,"568,566,564"
1134,ALLOC,569,2,UB,,,
1135,REC,,,,VECTOR,37,"569,553"
1136,ALLOC,570,128,UB,,,
1137,MUL,,,,VECTOR,38,"570,567,569"
1138,ALLOC,571,128,UB,,,
1139,MUL,,,,VECTOR,38,"571,568,569"
1140,COPY_OUT,,,,MTE3,191,"570"
1141,COPY_OUT,,,,MTE3,191,"571"
1142,COPY_OUT,,,,MTE3,150,"553"
1143,COPY_OUT,,,,MTE3,150,"546"
1144,FREE,0,256,L0C,,,
1145,FREE,1,256,L1,,,
1146,FREE,2,256,L1,,,
1147,FREE,3,128,L0A,,,
1148,FREE,4,128,L0B,,,
1149,FREE,5,256,L1,,,
1150,FREE,6,256,L1,,,
1151,FREE,7,128,L0A,,,
1152,FREE,8,128,L0B,,,
1153,FREE,9,128,UB,,,
1154,FREE,10,128,UB,,,
1155,FREE,11,2,UB,,,
1156,FREE,12,16,UB,,,
1157,FREE,13,128,UB,,,
1158,FREE,14,128,UB,,,
1159,FREE,15,128,UB,,,
1160,FREE,16,2,UB,,,
1161,FREE,17,16,UB,,,
1162,FREE,18,256,L0C,,,
1163,FREE,19,256,L1,,,
1164,FREE,20,256,L1,,,
1165,FREE,21,128,L0A,,,
1166,FREE,22,128,L0B,,,
1167,FREE,23,256,L0C,,,
1168,FREE,24,256,L1,,,
1169,FREE,25,128,L0A,,,
1170,FREE,26,128,L0B,,,
1171,FREE,27,128,UB,,,
1172,FREE,28,128,UB,,,
1173,FREE,29,256,L0C,,,
1174,FREE,30,256,L1,,,
1175,FREE,31,128,L0A,,,
1176,FREE,32,128,L0B,,,
1177,FREE,33,256,L1,,,
1178,FREE,34,128,L0A,,,
1179,FREE,35,128,L0B,,,
1180,FREE,36,128,UB,,,
1181,FREE,37,128,UB,,,
1182,FREE,38,2,UB,,,
1183,FREE,39,16,UB,,,
1184,FREE,40,128,UB,,,
1185,FREE,41,128,UB,,,
1186,FREE,42,128,UB,,,
1187,FREE,43,2,UB,,,
1188,FREE,44,16,UB,,,
1189,FREE,45,256,L0C,,,
1190,FREE,46,256,L1,,,
1191,FREE,47,128,L0A,,,
1192,FREE,48,128,L0B,,,
1193,FREE,49,256,L0C,,,
1194,FREE,50,128,L0A,,,
1195,FREE,51,128,L0B,,,
1196,FREE,52,128,UB,,,
1197,FREE,53,128,UB,,,
1198,FREE,54,256,L0C,,,
1199,FREE,55,256,L1,,,
1200,FREE,56,128,L0A,,,
1201,FREE,57,128,L0B,,,
1202,FREE,58,256,L1,,,
1203,FREE,59,128,L0A,,,
1204,FREE,60,128,L0B,,,
1205,FREE,61,128,UB,,,
1206,FREE,62,128,UB,,,
1207,FREE,63,2,UB,,,
1208,FREE,64,16,UB,,,
1209,FREE,65,128,UB,,,
1210,FREE,66,128,UB,,,
1211,FREE,67,128,UB,,,
1212,FREE,68,2,UB,,,
1213,FREE,69,16,UB,,,
1214,FREE,70,256,L0C,,,
1215,FREE,71,256,L1,,,
1216,FREE,72,128,L0A,,,
1217,FREE,73,128,L0B,,,
1218,FREE,74,256,L0C,,,
1219,FREE,75,128,L0A,,,
1220,FREE,76,128,L0B,,,
1221,FREE,77,128,UB,,,
1222,FREE,78,128,UB,,,
1223,FREE,79,256,L0C,,,
1224,FREE,80,256,L1,,,
1225,FREE,81,128,L0A,,,
1226,FREE,82,128,L0B,,,
1227,FREE,83,256,L1,,,
1228,FREE,84,128,L0A,,,
1229,FREE,85,128,L0B,,,
1230,FREE,86,128,UB,,,
1231,FREE,87,128,UB,,,
1232,FREE,88,2,UB,,,
1233,FREE,89,16,UB,,,
1234,FREE,90,128,UB,,,
1235,FREE,91,128,UB,,,
1236,FREE,92,128,UB,,,
1237,FREE,93,2,UB,,,
1238,FREE,94,16,UB,,,
1239,FREE,95,256,L0C,,,
1240,FREE,96,256,L1,,,
1241,FREE,97,128,L0A,,,
1242,FREE,98,128,L0B,,,
1243,FREE,99,256,L0C,,,
1244,FREE,100,128,L0A,,,
1245,FREE,101,128,L0B,,,
1246,FREE,102,128,UB,,,
1247,FREE,103,128,UB,,,
1248,FREE,104,256,L0C,,,
1249,FREE,105,256,L1,,,
1250,FREE,106,128,L0A,,,
1251,FREE,107,128,L0B,,,
1252,FREE,108,256,L1,,,
1253,FREE,109,128,L0A,,,
1254,FREE,110,128,L0B,,,
1255,FREE,111,128,UB,,,
1256,FREE,112,128,UB,,,
1257,FREE,113,2,UB,,,
1258,FREE,114,16,UB,,,
1259,FREE,115,128,UB,,,
1260,FREE,116,128,UB,,,
1261,FREE,117,128,UB,,,
1262,FREE,118,2,UB,,,
1263,FREE,119,16,UB,,,
1264,FREE,120,2,UB,,,
1265,FREE,121,2,UB,,,
1266,FREE,122,2,UB,,,
1267,FREE,123,2,UB,,,
1268,FREE,124,2,UB,,,
1269,FREE,125,2,UB,,,
1270,FREE,126,2,UB,,,
1271,FREE,127,2,UB,,,
1272,FREE,128,256,L0C,,,
1273,FREE,129,256,L1,,,
1274,FREE,130,256,L1,,,
1275,FREE,131,128,L0A,,,
1276,FREE,132,128,L0B,,,
1277,FREE,133,256,L0C,,,
1278,FREE,134,256,L1,,,
1279,FREE,135,128,L0A,,,
1280,FREE,136,128,L0B,,,
1281,FREE,137,128,UB,,,
1282,FREE,138,128,UB,,,
1283,FREE,139,128,UB,,,
1284,FREE,140,128,UB,,,
1285,FREE,141,128,UB,,,
1286,FREE,142,128,UB,,,
1287,FREE,143,128,UB,,,
1288,FREE,144,128,UB,,,
1289,FREE,145,256,L0C,,,
1290,FREE,146,128,L0A,,,
1291,FREE,147,128,L0B,,,
1292,FREE,148,128,L0A,,,
1293,FREE,149,128,L0B,,,
1294,FREE,150,128,UB,,,
1295,FREE,151,128,UB,,,
1296,FREE,152,2,UB,,,
1297,FREE,153,16,UB,,,
1298,FREE,154,128,UB,,,
1299,FREE,155,128,UB,,,
1300,FREE,156,128,UB,,,
1301,FREE,157,2,UB,,,
1302,FREE,158,16,UB,,,
1303,FREE,159,2,UB,,,
1304,FREE,160,2,UB,,,
1305,FREE,161,2,UB,,,
1306,FREE,162,2,UB,,,
1307,FREE,163,2,UB,,,
1308,FREE,164,2,UB,,,
1309,FREE,165,2,UB,,,
1310,FREE,166,2,UB,,,
1311,FREE,167,256,L0C,,,
1312,FREE,168,256,L1,,,
1313,FREE,169,128,L0A,,,
1314,FREE,170,128,L0B,,,
1315,FREE,171,256,L0C,,,
1316,FREE,172,128,L0A,,,
1317,FREE,173,128,L0B,,,
1318,FREE,174,128,UB,,,
1319,FREE,175,128,UB,,,
1320,FREE,176,128,UB,,,
1321,FREE,177,128,UB,,,
1322,FREE,178,128,UB,,,
1323,FREE,179,128,UB,,,
1324,FREE,180,128,UB,,,
1325,FREE,181,128,UB,,,
1326,FREE,182,256,L0C,,,
1327,FREE,183,128,L0A,,,
1328,FREE,184,128,L0B,,,
1329,FREE,185,128,L0A,,,
1330,FREE,186,128,L0B,,,
1331,FREE,187,128,UB,,,
1332,FREE,188,128,UB,,,
1333,FREE,189,2,UB,,,
1334,FREE,190,16,UB,,,
1335,FREE,191,128,UB,,,
1336,FREE,192,128,UB,,,
1337,FREE,193,128,UB,,,
1338,FREE,194,2,UB,,,
1339,FREE,195,16,UB,,,
1340,FREE,196,2,UB,,,
1341,FREE,197,2,UB,,,
1342,FREE,198,2,UB,,,
1343,FREE,199,2,UB,,,
1344,FREE,200,2,UB,,,
1345,FREE,201,2,UB,,,
1346,FREE,202,2,UB,,,
1347,FREE,203,2,UB,,,
1348,FREE,204,256,L0C,,,
1349,FREE,205,256,L1,,,
1350,FREE,206,128,L0A,,,
1351,FREE,207,128,L0B,,,
1352,FREE,208,256,L0C,,,
1353,FREE,209,128,L0A,,,
1354,FREE,210,128,L0B,,,
1355,FREE,211,128,UB,,,
1356,FREE,212,128,UB,,,
1357,FREE,213,128,UB,,,
1358,FREE,214,128,UB,,,
1359,FREE,215,128,UB,,,
1360,FREE,216,128,UB,,,
1361,FREE,217,128,UB,,,
1362,FREE,218,128,UB,,,
1363,FREE,219,256,L0C,,,
1364,FREE,220,128,L0A,,,
1365,FREE,221,128,L0B,,,
1366,FREE,222,128,L0A,,,
1367,FREE,223,128,L0B,,,
1368,FREE,224,128,UB,,,
1369,FREE,225,128,UB,,,
1370,FREE,226,2,UB,,,
1371,FREE,227,16,UB,,,
1372,FREE,228,128,UB,,,
1373,FREE,229,128,UB,,,
1374,FREE,230,128,UB,,,
1375,FREE,231,2,UB,,,
1376,FREE,232,16,UB,,,
1377,FREE,233,2,UB,,,
1378,FREE,234,2,UB,,,
1379,FREE,235,2,UB,,,
1380,FREE,236,2,UB,,,
1381,FREE,237,2,UB,,,
1382,FREE,238,2,UB,,,
1383,FREE,239,2,UB,,,
1384,FREE,240,2,UB,,,
1385,FREE,241,256,L0C,,,
1386,FREE,242,256,L1,,,
1387,FREE,243,128,L0A,,,
1388,FREE,244,128,L0B,,,
1389,FREE,245,256,L0C,,,
1390,FREE,246,128,L0A,,,
1391,FREE,247,128,L0B,,,
1392,FREE,248,128,UB,,,
1393,FREE,249,128,UB,,,
1394,FREE,250,128,UB,,,
1395,FREE,251,128,UB,,,
1396,FREE,252,128,UB,,,
1397,FREE,253,128,UB,,,
1398,FREE,254,128,UB,,,
1399,FREE,255,128,UB,,,
1400,FREE,256,256,L0C,,,
1401,FREE,257,256,L1,,,
1402,FREE,258,128,L0A,,,
1403,FREE,259,128,L0B,,,
1404,FREE,260,256,L1,,,
1405,FREE,261,128,L0A,,,
1406,FREE,262,128,L0B,,,
1407,FREE,263,128,UB,,,
1408,FREE,264,128,UB,,,
1409,FREE,265,2,UB,,,
1410,FREE,266,16,UB,,,
1411,FREE,267,128,UB,,,
1412,FREE,268,128,UB,,,
1413,FREE,269,128,UB,,,
1414,FREE,270,2,UB,,,
1415,FREE,271,16,UB,,,
1416,FREE,272,2,UB,,,
1417,FREE,273,2,UB,,,
1418,FREE,274,2,UB,,,
1419,FREE,275,2,UB,,,
1420,FREE,276,2,UB,,,
1421,FREE,277,2,UB,,,
1422,FREE,278,2,UB,,,
1423,FREE,279,2,UB,,,
1424,FREE,280,256,L0C,,,
1425,FREE,281,256,L1,,,
1426,FREE,282,256,L1,,,
1427,FREE,283,128,L0A,,,
1428,FREE,284,128,L0B,,,
1429,FREE,285,256,L0C,,,
1430,FREE,286,256,L1,,,
1431,FREE,287,128,L0A,,,
1432,FREE,288,128,L0B,,,
1433,FREE,289,128,UB,,,
1434,FREE,290,128,UB,,,
1435,FREE,291,128,UB,,,
1436,FREE,292,128,UB,,,
1437,FREE,293,128,UB,,,
1438,FREE,294,128,UB,,,
1439,FREE,295,128,UB,,,
1440,FREE,296,128,UB,,,
1441,FREE,297,256,L0C,,,
1442,FREE,298,128,L0A,,,
1443,FREE,299,128,L0B,,,
1444,FREE,300,128,L0A,,,
1445,FREE,301,128,L0B,,,
1446,FREE,302,128,UB,,,
1447,FREE,303,128,UB,,,
1448,FREE,304,2,UB,,,
1449,FREE,305,16,UB,,,
1450,FREE,306,128,UB,,,
1451,FREE,307,128,UB,,,
1452,FREE,308,128,UB,,,
1453,FREE,309,2,UB,,,
1454,FREE,310,16,UB,,,
1455,FREE,311,2,UB,,,
1456,FREE,312,2,UB,,,
1457,FREE,313,2,UB,,,
1458,FREE,314,2,UB,,,
1459,FREE,315,2,UB,,,
1460,FREE,316,2,UB,,,
1461,FREE,317,2,UB,,,
1462,FREE,318,2,UB,,,
1463,FREE,319,256,L0C,,,
1464,FREE,320,256,L1,,,
1465,FREE,321,128,L0A,,,
1466,FREE,322,128,L0B,,,
1467,FREE,323,256,L0C,,,
1468,FREE,324,128,L0A,,,
1469,FREE,325,128,L0B,,,
1470,FREE,326,128,UB,,,
1471,FREE,327,128,UB,,,
1472,FREE,328,128,UB,,,
1473,FREE,329,128,UB,,,
1474,FREE,330,128,UB,,,
1475,FREE,331,128,UB,,,
1476,FREE,332,128,UB,,,
1477,FREE,333,128,UB,,,
1478,FREE,334,256,L0C,,,
1479,FREE,335,128,L0A,,,
1480,FREE,336,128,L0B,,,
1481,FREE,337,128,L0A,,,
1482,FREE,338,128,L0B,,,
1483,FREE,339,128,UB,,,
1484,FREE,340,128,UB,,,
1485,FREE,341,2,UB,,,
1486,FREE,342,16,UB,,,
1487,FREE,343,128,UB,,,
1488,FREE,344,128,UB,,,
1489,FREE,345,128,UB,,,
1490,FREE,346,2,UB,,,
1491,FREE,347,16,UB,,,
1492,FREE,348,2,UB,,,
1493,FREE,349,2,UB,,,
1494,FREE,350,2,UB,,,
1495,FREE,351,2,UB,,,
1496,FREE,352,2,UB,,,
1497,FREE,353,2,UB,,,
1498,FREE,354,2,UB,,,
1499,FREE,355,2,UB,,,
1500,FREE,356,256,L0C,,,
1501,FREE,357,256,L1,,,
1502,FREE,358,128,L0A,,,
1503,FREE,359,128,L0B,,,
1504,FREE,360,256,L0C,,,
1505,FREE,361,128,L0A,,,
1506,FREE,362,128,L0B,,,
1507,FREE,363,128,UB,,,
1508,FREE,364,128,UB,,,
1509,FREE,365,128,UB,,,
1510,FREE,366,128,UB,,,
1511,FREE,367,128,UB,,,
1512,FREE,368,128,UB,,,
1513,FREE,369,128,UB,,,
1514,FREE,370,128,UB,,,
1515,FREE,371,256,L0C,,,
1516,FREE,372,128,L0A,,,
1517,FREE,373,128,L0B,,,
1518,FREE,374,128,L0A,,,
1519,FREE,375,128,L0B,,,
1520,FREE,376,128,UB,,,
1521,FREE,377,128,UB,,,
1522,FREE,378,2,UB,,,
1523,FREE,379,16,UB,,,
1524,FREE,380,128,UB,,,
1525,FREE,381,128,UB,,,
1526,FREE,382,128,UB,,,
1527,FREE,383,2,UB,,,
1528,FREE,384,16,UB,,,
1529,FREE,385,2,UB,,,
1530,FREE,386,2,UB,,,
1531,FREE,387,2,UB,,,
1532,FREE,388,2,UB,,,
1533,FREE,389,2,UB,,,
1534,FREE,390,2,UB,,,
1535,FREE,391,2,UB,,,
1536,FREE,392,2,UB,,,
1537,FREE,393,256,L0C,,,
1538,FREE,394,256,L1,,,
1539,FREE,395,128,L0A,,,
1540,FREE,396,128,L0B,,,
1541,FREE,397,256,L0C,,,
1542,FREE,398,128,L0A,,,
1543,FREE,399,128,L0B,,,
1544,FREE,400,128,UB,,,
1545,FREE,401,128,UB,,,
1546,FREE,402,128,UB,,,
1547,FREE,403,128,UB,,,
1548,FREE,404,128,UB,,,
1549,FREE,405,128,UB,,,
1550,FREE,406,128,UB,,,
1551,FREE,407,128,UB,,,
1552,FREE,408,256,L0C,,,
1553,FREE,409,256,L1,,,
1554,FREE,410,128,L0A,,,
1555,FREE,411,128,L0B,,,
1556,FREE,412,256,L1,,,
1557,FREE,413,128,L0A,,,
1558,FREE,414,128,L0B,,,
1559,FREE,415,128,UB,,,
1560,FREE,416,128,UB,,,
1561,FREE,417,2,UB,,,
1562,FREE,418,16,UB,,,
1563,FREE,419,128,UB,,,
1564,FREE,420,128,UB,,,
1565,FREE,421,128,UB,,,
1566,FREE,422,2,UB,,,
1567,FREE,423,16,UB,,,
1568,FREE,424,2,UB,,,
1569,FREE,425,2,UB,,,
1570,FREE,426,2,UB,,,
1571,FREE,427,2,UB,,,
1572,FREE,428,2,UB,,,
1573,FREE,429,2,UB,,,
1574,FREE,430,2,UB,,,
1575,FREE,431,2,UB,,,
1576,FREE,432,256,L0C,,,
1577,FREE,433,256,L1,,,
1578,FREE,434,256,L1,,,
1579,FREE,435,128,L0A,,,
1580,FREE,436,128,L0B,,,
1581,FREE,437,256,L0C,,,
1582,FREE,438,256,L1,,,
1583,FREE,439,128,L0A,,,
1584,FREE,440,128,L0B,,,
1585,FREE,441,128,UB,,,
1586,FREE,442,128,UB,,,
1587,FREE,443,128,UB,,,
1588,FREE,444,128,UB,,,
1589,FREE,445,128,UB,,,
1590,FREE,446,128,UB,,,
1591,FREE,447,128,UB,,,
1592,FREE,448,128,UB,,,
1593,FREE,449,2,UB,,,
1594,FREE,450,128,UB,,,
1595,FREE,451,128,UB,,,
1596,FREE,452,256,L0C,,,
1597,FREE,453,128,L0A,,,
1598,FREE,454,128,L0B,,,
1599,FREE,455,128,L0A,,,
1600,FREE,456,128,L0B,,,
1601,FREE,457,128,UB,,,
1602,FREE,458,128,UB,,,
1603,FREE,459,2,UB,,,
1604,FREE,460,16,UB,,,
1605,FREE,461,128,UB,,,
1606,FREE,462,128,UB,,,
1607,FREE,463,128,UB,,,
1608,FREE,464,2,UB,,,
1609,FREE,465,16,UB,,,
1610,FREE,466,2,UB,,,
1611,FREE,467,2,UB,,,
1612,FREE,468,2,UB,,,
1613,FREE,469,2,UB,,,
1614,FREE,470,2,UB,,,
1615,FREE,471,2,UB,,,
1616,FREE,472,2,UB,,,
1617,FREE,473,2,UB,,,
1618,FREE,474,256,L0C,,,
1619,FREE,475,256,L1,,,
1620,FREE,476,128,L0A,,,
1621,FREE,477,128,L0B,,,
1622,FREE,478,256,L0C,,,
1623,FREE,479,128,L0A,,,
1624,FREE,480,128,L0B,,,
1625,FREE,481,128,UB,,,
1626,FREE,482,128,UB,,,
1627,FREE,483,128,UB,,,
1628,FREE,484,128,UB,,,
1629,FREE,485,128,UB,,,
1630,FREE,486,128,UB,,,
1631,FREE,487,128,UB,,,
1632,FREE,488,128,UB,,,
1633,FREE,489,2,UB,,,
1634,FREE,490,128,UB,,,
1635,FREE,491,128,UB,,,
1636,FREE,492,256,L0C,,,
1637,FREE,493,128,L0A,,,
1638,FREE,494,128,L0B,,,
1639,FREE,495,128,L0A,,,
1640,FREE,496,128,L0B,,,
1641,FREE,497,128,UB,,,
1642,FREE,498,128,UB,,,
1643,FREE,499,2,UB,,,
1644,FREE,500,16,UB,,,
1645,FREE,501,128,UB,,,
1646,FREE,502,128,UB,,,
1647,FREE,503,128,UB,,,
1648,FREE,504,2,UB,,,
1649,FREE,505,16,UB,,,
1650,FREE,506,2,UB,,,
1651,FREE,507,2,UB,,,
1652,FREE,508,2,UB,,,
1653,FREE,509,2,UB,,,
1654,FREE,510,2,UB,,,
1655,FREE,511,2,UB,,,
1656,FREE,512,2,UB,,,
1657,FREE,513,2,UB,,,
1658,FREE,514,256,L0C,,,
1659,FREE,515,256,L1,,,
1660,FREE,516,128,L0A,,,
1661,FREE,517,128,L0B,,,
1662,FREE,518,256,L0C,,,
1663,FREE,519,128,L0A,,,
1664,FREE,520,128,L0B,,,
1665,FREE,521,128,UB,,,
1666,FREE,522,128,UB,,,
1667,FREE,523,128,UB,,,
1668,FREE,524,128,UB,,,
1669,FREE,525,128,UB,,,
1670,FREE,526,128,UB,,,
1671,FREE,527,128,UB,,,
1672,FREE,528,128,UB,,,
1673,FREE,529,2,UB,,,
1674,FREE,530,128,UB,,,
1675,FREE,531,128,UB,,,
1676,FREE,532,256,L0C,,,
1677,FREE,533,128,L0A,,,
1678,FREE,534,128,L0B,,,
1679,FREE,535,128,L0A,,,
1680,FREE,536,128,L0B,,,
1681,FREE,537,128,UB,,,
1682,FREE,538,128,UB,,,
1683,FREE,539,2,UB,,,
1684,FREE,540,16,UB,,,
1685,FREE,541,128,UB,,,
1686,FREE,542,128,UB,,,
1687,FREE,543,128,UB,,,
1688,FREE,544,2,UB,,,
1689,FREE,545,16,UB,,,
1690,FREE,546,2,UB,,,
1691,FREE,547,2,UB,,,
1692,FREE,548,2,UB,,,
1693,FREE,549,2,UB,,,
1694,FREE,550,2,UB,,,
1695,FREE,551,2,UB,,,
1696,FREE,552,2,UB,,,
1697,FREE,553,2,UB,,,
1698,FREE,554,256,L0C,,,
1699,FREE,555,256,L1,,,
1700,FREE,556,128,L0A,,,
1701,FREE,557,128,L0B,,,
1702,FREE,558,256,L0C,,,
1703,FREE,559,128,L0A,,,
1704,FREE,560,128,L0B,,,
1705,FREE,561,128,UB,,,
1706,FREE,562,128,UB,,,
1707,FREE,563,128,UB,,,
1708,FREE,564,128,UB,,,
1709,FREE,565,128,UB,,,
1710,FREE,566,128,UB,,,
1711,FREE,567,128,UB,,,
1712,FREE,568,128,UB,,,
1713,FREE,569,2,UB,,,
1714,FREE,570,128,UB,,,
1715,FREE,571,128,UB,,,
